{
  "data": [],
  "created_at": 1749736576.9265797,
  "expires_at": 1749740176.9265797
}