{
  "data": [],
  "created_at": 1749792195.9095445,
  "expires_at": 1749795795.9095447
}