{
  "data": [],
  "created_at": 1749736651.7174814,
  "expires_at": 1749740251.7174816
}