{
  "data": [],
  "created_at": 1749631024.261268,
  "expires_at": 1749634624.2612681
}