{
  "data": [],
  "created_at": 1749792231.184635,
  "expires_at": 1749795831.184635
}