{
  "data": [],
  "created_at": 1749736652.8593066,
  "expires_at": 1749740252.8593068
}