{
  "data": [],
  "created_at": 1749792196.8960118,
  "expires_at": 1749795796.896012
}