{
  "data": [],
  "created_at": 1749736577.888979,
  "expires_at": 1749740177.8889792
}