{
  "data": [],
  "created_at": 1749631025.221971,
  "expires_at": 1749634625.221971
}