{
  "data": [],
  "created_at": 1749792200.3164911,
  "expires_at": 1749795800.3164914
}