{
  "data": [],
  "created_at": 1749792214.9447572,
  "expires_at": 1749795814.9447575
}