{
  "data": [
    44264958,
    44265851,
    44261777,
    44265233,
    44265833,
    44263780,
    44256499,
    44265869,
    44258670,
    44256765,
    44265105,
    44265216,
    44257609,
    44262537,
    44255728,
    44263562,
    44257655,
    44234080,
    44264494,
    44258654,
    44259476,
    44251411,
    44263139,
    44253212,
    44241242,
    44242435,
    44216370,
    44222307,
    44264376,
    44259398
  ],
  "created_at": 1749793518.877268,
  "expires_at": 1749794118.8772683
}