{
  "data": [
    44240302,
    44244879,
    44236997,
    44210921,
    44241278,
    44243050,
    44239481,
    44215236,
    44240265,
    44217663
  ],
  "created_at": 1749630129.413255,
  "expires_at": 1749630729.413256
}